First Name,Last Name,Email,Phone
Lilianna,Bailey,l.bailey@randatmail.com,256-8522-55
Brad,Douglas,b.douglas@randatmail.com,115-8184-77
Myra,Watson,m.watson@randatmail.com,185-7269-39
Rafael,Murray,r.murray@randatmail.com,174-3601-07
Stuart,Sullivan,s.sullivan@randatmail.com,172-7929-62
Emma,Bennett,e.bennett@randatmail.com,292-1482-64
Luke,Mason,l.mason@randatmail.com,991-9095-28
Jessica,Kelley,j.kelley@randatmail.com,690-0936-88
Cadie,Evans,c.evans@randatmail.com,543-4136-02
Honey,Wilson,h.wilson@randatmail.com,462-1710-87
Jacob,Williams,j.williams@randatmail.com,396-1293-99
Honey,Owens,h.owens@randatmail.com,847-0951-79
Michael,Robinson,m.robinson@randatmail.com,256-6790-49
Roland,Cooper,r.cooper@randatmail.com,671-1531-77
Lucy,Hill,l.hill@randatmail.com,237-3420-38
Michelle,Hunt,m.hunt@randatmail.com,049-5718-48
Charlotte,Barnes,c.barnes@randatmail.com,657-7620-74
Naomi,Hall,n.hall@randatmail.com,298-6038-58
Tara,Richards,t.richards@randatmail.com,311-6066-15
Annabella,Cunningham,a.cunningham@randatmail.com,387-4380-86
